,vm_pu,va_degree,p_mw,q_mvar,lam_p,lam_q
0,,3.117991223694505,-190.00014464513433,,340.0000372663988,0.0
1,,-0.592526791026851,300.0,,340.000063901814,0.0
2,,-0.16225010273859417,-59.9999999489321,,340.0000717525214,0.0
3,,0.0,400.0000042347797,,340.00009334196665,0.0
4,,3.9227934078064615,-449.9998596407129,,340.00002080874503,0.0
