,p_mw,q_mvar,va_degree,vm_pu
0,190.00014464513433,,3.117991223694505,1.0
1,359.9999999489321,,-0.16225010273859417,1.0
2,449.9998596407129,,3.9227934078064615,1.0
