,p_from_mw,q_from_mvar,p_to_mw,q_to_mvar,pl_mw,ql_mvar,i_from_ka,i_to_ka,i_ka,vm_from_pu,va_from_degree,vm_to_pu,va_to_degree,loading_percent
0,230.46532495178323,0.0,-230.46532495178323,0.0,0.0,0.0,0.5785183365208114,0.5785183365208114,0.5785183365208114,1.0,3.117991223694505,1.0,-0.592526791026851,57.616331237945815
1,179.01056875577677,0.0,-179.01056875577677,0.0,0.0,0.0,0.44935565243015535,0.44935565243015535,0.44935565243015535,1.0,3.117991223694505,1.0,0.0,0.0004493601460316157
2,-219.4757490624255,0.0,219.4757490624255,0.0,0.0,0.0,0.5509320991382005,0.5509320991382005,0.5509320991382005,1.0,3.117991223694505,1.0,3.9227934078064615,0.0005509376085142857
3,-69.53467504821673,0.0,69.53467504821673,0.0,0.0,0.0,0.17454723198739602,0.17454723198739602,0.17454723198739602,1.0,-0.592526791026851,1.0,-0.16225010273859417,0.0001745489774771708
4,-9.534675099284634,0.0,9.534675099284634,0.0,0.0,0.0,0.02393411841394611,0.02393411841394611,0.02393411841394611,1.0,-0.16225010273859417,1.0,0.0,2.3934357757523687e-05
5,-230.52411057828746,0.0,230.52411057828746,0.0,0.0,0.0,0.5786659012916232,0.5786659012916232,0.5786659012916232,1.0,0.0,1.0,3.9227934078064615,96.05171274095248
