,p_from_mw,q_from_mvar,p_to_mw,q_to_mvar,pl_mw,ql_mvar,i_from_ka,i_to_ka,i_ka,vm_from_pu,va_from_degree,vm_to_pu,va_to_degree,loading_percent
0,249.7192295037937,0.0,-249.7192295037937,0.0,0.0,0.0,0.6268498451123533,0.6268498451123533,0.6268498451123533,1.0,3.2534790426916524,1.0,-0.7670290310935006,62.42980737594844
1,186.78921526185027,0.0,-186.78921526185027,0.0,0.0,0.0,0.46888175527455744,0.46888175527455744,0.46888175527455744,1.0,3.2534790426916524,1.0,0.0,0.00046888644413899886
2,-226.50844476564416,0.0,226.50844476564416,0.0,0.0,0.0,0.5685857024311658,0.5685857024311658,0.5685857024311658,1.0,3.2534790426916524,1.0,4.084069628876838,0.0005685913883450493
3,-50.280770496206294,0.0,50.280770496206294,0.0,0.0,0.0,0.12621572339585435,0.12621572339585435,0.12621572339585435,1.0,-0.7670290310935006,1.0,-0.45589442956285925,0.00012621698556571
4,-26.790770496206285,0.0,26.790770496206285,0.0,0.0,0.0,0.06725068938166166,0.06725068938166166,0.06725068938166166,1.0,-0.45589442956285925,1.0,0.0,6.725136189528061e-05
5,-240.00155523435592,0.0,240.00155523435592,0.0,0.0,0.0,0.602456358784714,0.602456358784714,0.602456358784714,1.0,0.0,1.0,4.084069628876838,100.00064801431432
