,p_from_mw,q_from_mvar,p_to_mw,q_to_mvar,pl_mw,ql_mvar,i_from_ka,i_to_ka,i_ka,vm_from_pu,va_from_degree,vm_to_pu,va_to_degree,loading_percent
0,241.24526162580912,0.0,-241.24526162580912,0.0,0.0,0.0,0.6055783336538374,0.6055783336538374,0.6055783336538374,1.0,3.1579584302178767,1.0,-0.7261177943335135,60.311315406452294
1,181.30517186978133,0.0,-181.30517186978133,0.0,0.0,0.0,0.4551156077586505,0.4551156077586505,0.4551156077586505,1.0,3.1579584302178767,1.0,0.0,0.0004551201589602401
2,-252.55042590421724,0.0,252.55042590421724,0.0,0.0,0.0,0.6339567668684977,0.6339567668684977,0.6339567668684977,1.0,3.1579584302178767,1.0,4.084043135404633,0.0006339631064995626
3,-58.75473837419084,0.0,58.75473837419084,0.0,0.0,0.0,0.1474872348543701,0.1474872348543701,0.1474872348543701,1.0,-0.7261177943335135,1.0,-0.36254675252797425,0.0001474887097414675
4,-21.30516674756305,0.0,21.30516674756305,0.0,0.0,0.0,0.05348062502971909,0.05348062502971909,0.05348062502971909,1.0,-0.36254675252797425,1.0,0.0,5.34811598413175e-05
5,-239.99999833765463,0.0,239.99999833765463,0.0,0.0,0.0,0.6024524506337159,0.6024524506337159,0.6024524506337159,1.0,0.0,1.0,4.084043135404633,99.99999930735545
