,p_mw,q_mvar,va_degree,vm_pu
0,170.00000759137325,,3.1579584302178767,1.0
1,337.4495716266278,,-0.36254675252797425,1.0
2,492.5504242418717,,4.084043135404633,1.0
